insert into cargo_entity(flight_id) values(0);
insert into cargo_entity(flight_id) values(1);
insert into cargo_entity(flight_id) values(2);
insert into cargo_entity(flight_id) values(3);
insert into cargo_entity(flight_id) values(4);
insert into baggage(id,weight,weight_unit,pieces,flight_Id) values(0,624,'lb',429,0);
insert into baggage(id,weight,weight_unit,pieces,flight_Id) values(1,18,'lb',739,0);
insert into baggage(id,weight,weight_unit,pieces,flight_Id) values(2,404,'lb',101,0);
insert into baggage(id,weight,weight_unit,pieces,flight_Id) values(3,370,'kg',281,0);
insert into baggage(id,weight,weight_unit,pieces,flight_Id) values(4,923,'kg',922,0);
insert into baggage(id,weight,weight_unit,pieces,flight_Id) values(5,387,'lb',196,0);
insert into baggage(id,weight,weight_unit,pieces,flight_Id) values(6,69,'kg',206,0);
insert into cargo(id,weight,weight_unit,pieces,flight_Id) values(0,743,'lb',383,0);
insert into cargo(id,weight,weight_unit,pieces,flight_Id) values(1,352,'kg',34,0);
insert into cargo(id,weight,weight_unit,pieces,flight_Id) values(2,788,'kg',771,0);
insert into baggage(id,weight,weight_unit,pieces,flight_Id) values(0,504,'kg',323,1);
insert into baggage(id,weight,weight_unit,pieces,flight_Id) values(1,660,'kg',181,1);
insert into baggage(id,weight,weight_unit,pieces,flight_Id) values(2,264,'lb',757,1);
insert into cargo(id,weight,weight_unit,pieces,flight_Id) values(0,582,'lb',909,1);
insert into cargo(id,weight,weight_unit,pieces,flight_Id) values(1,695,'lb',746,1);
insert into cargo(id,weight,weight_unit,pieces,flight_Id) values(2,599,'lb',140,1);
insert into cargo(id,weight,weight_unit,pieces,flight_Id) values(3,591,'lb',570,1);
insert into cargo(id,weight,weight_unit,pieces,flight_Id) values(4,137,'lb',712,1);
insert into baggage(id,weight,weight_unit,pieces,flight_Id) values(0,998,'kg',577,2);
insert into baggage(id,weight,weight_unit,pieces,flight_Id) values(1,145,'kg',593,2);
insert into baggage(id,weight,weight_unit,pieces,flight_Id) values(2,516,'lb',610,2);
insert into baggage(id,weight,weight_unit,pieces,flight_Id) values(3,164,'kg',135,2);
insert into baggage(id,weight,weight_unit,pieces,flight_Id) values(4,845,'kg',481,2);
insert into baggage(id,weight,weight_unit,pieces,flight_Id) values(5,753,'kg',499,2);
insert into baggage(id,weight,weight_unit,pieces,flight_Id) values(6,814,'lb',73,2);
insert into cargo(id,weight,weight_unit,pieces,flight_Id) values(0,995,'lb',245,2);
insert into cargo(id,weight,weight_unit,pieces,flight_Id) values(1,514,'lb',443,2);
insert into cargo(id,weight,weight_unit,pieces,flight_Id) values(2,906,'kg',118,2);
insert into baggage(id,weight,weight_unit,pieces,flight_Id) values(0,820,'lb',127,3);
insert into baggage(id,weight,weight_unit,pieces,flight_Id) values(1,726,'kg',212,3);
insert into baggage(id,weight,weight_unit,pieces,flight_Id) values(2,768,'kg',347,3);
insert into cargo(id,weight,weight_unit,pieces,flight_Id) values(0,34,'kg',520,3);
insert into cargo(id,weight,weight_unit,pieces,flight_Id) values(1,951,'lb',920,3);
insert into cargo(id,weight,weight_unit,pieces,flight_Id) values(2,419,'lb',496,3);
insert into cargo(id,weight,weight_unit,pieces,flight_Id) values(3,968,'kg',180,3);
insert into cargo(id,weight,weight_unit,pieces,flight_Id) values(4,312,'lb',811,3);
insert into baggage(id,weight,weight_unit,pieces,flight_Id) values(0,471,'lb',51,4);
insert into baggage(id,weight,weight_unit,pieces,flight_Id) values(1,573,'lb',806,4);
insert into baggage(id,weight,weight_unit,pieces,flight_Id) values(2,755,'lb',101,4);
insert into baggage(id,weight,weight_unit,pieces,flight_Id) values(3,407,'lb',932,4);
insert into baggage(id,weight,weight_unit,pieces,flight_Id) values(4,882,'kg',286,4);
insert into cargo(id,weight,weight_unit,pieces,flight_Id) values(0,125,'lb',758,4);
insert into cargo(id,weight,weight_unit,pieces,flight_Id) values(1,995,'kg',766,4);
insert into cargo(id,weight,weight_unit,pieces,flight_Id) values(2,387,'lb',542,4);
insert into flight_entity(flight_id,flight_number,departure_airportiatacode,arrival_airportiatacode,departure_date) values(0,8547,'SEA','LEW','2018-04-24T06:33:35 -02:00');
insert into flight_entity(flight_id,flight_number,departure_airportiatacode,arrival_airportiatacode,departure_date) values(1,7078,'SEA','KRK','2020-02-12T08:55:03 -01:00');
insert into flight_entity(flight_id,flight_number,departure_airportiatacode,arrival_airportiatacode,departure_date) values(2,7944,'YYZ','PPX','2016-11-19T04:01:37 -01:00');
insert into flight_entity(flight_id,flight_number,departure_airportiatacode,arrival_airportiatacode,departure_date) values(3,2163,'YYZ','KRK','2018-07-09T05:22:36 -02:00');
insert into flight_entity(flight_id,flight_number,departure_airportiatacode,arrival_airportiatacode,departure_date) values(4,6876,'SEA','PPX','2021-11-01T11:25:28 -01:00');